{
  "train_loss": [
    0.6133547320425511,
    0.2930670471847057,
    0.27618202524781227,
    0.2672133146315813,
    0.2683509974092245
  ],
  "val_loss": [
    0.2967174308889107,
    0.27420379583821686,
    0.26272516937542284,
    0.25927130108996355,
    0.2581056356792436
  ],
  "val_f1": [
    0.8782437933918409,
    0.8887373401200666,
    0.8945804623871774,
    0.8970283849409803,
    0.8965338102375513
  ]
}